,retrieved,expected,result
0,Tobye Schimpke,Tobye Schimpke,TP
1,Sidney McElree,Sidney McElree,TP
2,Kimmie Fridlington,Kimmie Fridlington,TP
3,Wilfred Pimlock,Wilfred Pimlock,TP
4,Lou Saulter,Lou Saulter,TP
5,Ezri Hurdman,Ezri Hurdman,TP
6,Gearalt Cereceres,Gearalt Cereceres,TP
7,Mandel Sone,Mandel Sone,TP
8,Kingston Rudwell,Kingston Rudwell,TP
9,Ranice Snoding,Ranice Snoding,TP
10,Earvin Corcoran,Earvin Corcoran,TP
11,Bird Van der Velden,Bird Van der Velden,TP
12,Nowell Holbarrow,Nowell Holbarrow,TP
13,Sybyl Edwards,Sybyl Edwards,TP
14,Corine Curson,Corine Curson,TP
15,Mildred Turpin,Mildred Turpin,TP
16,Fonzie Fallens,Fonzie Fallens,TP
17,Ursa Pizer,Ursa Pizer,TP
18,Dall Bloxholm,Dall Bloxholm,TP
19,Ofelia Koppens,Ofelia Koppens,TP
20,Isadora Eddow,Isadora Eddow,TP
21,Gerrilee Whieldon,Gerrilee Whieldon,TP
22,Parrnell Fawson,Parrnell Fawson,TP
23,Enrica Nerney,Enrica Nerney,TP
24,Baryram D'Aguanno,Baryram D'Aguanno,TP
25,Bev Jocic,Bev Jocic,TP
26,Graig Yuryaev,Graig Yuryaev,TP
27,Roberta Willgrass,Roberta Willgrass,TP
28,Laurette Bullier,Laurette Bullier,TP
29,Maritsa Vibert,Maritsa Vibert,TP
30,Doloritas Praundl,Doloritas Praundl,TP
31,Cordy Harral,Cordy Harral,TP
32,Aurelia Lawrie,Aurelia Lawrie,TP
33,Braden Eskell,Braden Eskell,TP
34,Gaspard Birt,Gaspard Birt,TP
35,Helsa Birchall,Helsa Birchall,TP
36,Merrick Montilla,Merrick Montilla,TP
37,Quentin Bullant,Quentin Bullant,TP
38,Gus Enderlein,Gus Enderlein,TP
39,Deny Orbell,Deny Orbell,TP
40,Clarinda Gabe,Clarinda Gabe,TP
41,Toni Dmtrovic,Toni Dmtrovic,TP
42,Miriam Mc Carrick,Miriam Mc Carrick,TP
43,Mariam Gianotti,Mariam Gianotti,TP
44,Gib Laugheran,Gib Laugheran,TP
45,Marlo Osbidston,Marlo Osbidston,TP
46,Michel Raubenheimer,Michel Raubenheimer,TP
47,Felisha Denisovo,Felisha Denisovo,TP
48,Sonny Cullingworth,Sonny Cullingworth,TP
49,Goober Readmire,Goober Readmire,TP
50,Jobyna Gallier,Jobyna Gallier,TP
51,Miguela Barnshaw,Miguela Barnshaw,TP
52,Charlton Yakovich,Charlton Yakovich,TP
53,Mirna Le Marchant,Mirna Le Marchant,TP
54,Bryant Peyro,Bryant Peyro,TP
55,Stepha Drake,Stepha Drake,TP
56,Jeramie Craighall,Jeramie Craighall,TP
57,Timi Boxhall,Timi Boxhall,TP
58,Gretel Preskett,Grethel Ambrogio,FP
59,Jacinthe Fiddyment,Jacinthe Fiddyment,TP
60,Lorita Eadmeads,Lorita Eadmeads,TP
61,Allistir Havers,Allistir Havers,TP
62,Wittie Cawsy,Wittie Cawsy,TP
63,Kahaleel Stailey,Kahaleel Stailey,TP
64,Torey Spellar,Torey Spellar,TP
65,Reagan Brosius,Reagan Brosius,TP
66,Norbie Crammy,Norbie Crammy,TP
67,Pavlov Damato,Pavlov Damato,TP
68,Zacharia Wittleton,Zacharia Wittleton,TP
69,Mariska Mossman,Mariska Mossman,TP
70,Elbertina Astman,Elbertina Astman,TP
71,Adriana Engel,Adriana Engel,TP
72,Thomasina Glowacz,Thomasina Glowacz,TP
73,Georas de Zamora,Georas de Zamora,TP
74,Marion Fyers,Marion Fyers,TP
75,Dot Beaufoy,Dot Beaufoy,TP
76,Allister Kleinhaut,Allister Kleinhaut,TP
77,Berkeley Fierman,Berkeley Fierman,TP
78,Petra Crunkhurn,Petra Crunkhurn,TP
79,Athena Grimbaldeston,Athena Grimbaldeston,TP
80,Suzi Harkins,Suzi Harkins,TP
81,Charmine Parlor,Charmine Parlor,TP
82,Baxter Semken,Baxter Semken,TP
83,Brook Cooke,Brook Cooke,TP
84,Reinaldo Leonards,Reinaldo Leonards,TP
85,Bartholomeus Palatini,Bartholomeus Palatini,TP
86,Grace Enderson,Grace Enderson,TP
87,Lilias Mallabar,Lilias Mallabar,TP
88,Justino Ife,Justino Ife,TP
89,Miriam Mc Carrick,Joey McIlory,FP
90,Alistair Oates,Alistair Oates,TP
91,Dina Betteson,Dina Betteson,TP
92,Ruthie Karlowicz,Ruthie Karlowicz,TP
93,Cobb Higginbottam,Cobb Higginbottam,TP
94,Harwilll Sketchley,Harwilll Sketchley,TP
95,Keith Younge,Keith Younge,TP
96,Mada Jozwiak,Mada Jozwiak,TP
97,Elora Pendred,Elora Pendred,TP
98,Jozef Gatchel,Jozef Gatchel,TP
99,Eduard Fennelow,Eduard Fennelow,TP
100,Ilka Culy,Ilka Culy,TP
101,Odetta Skep,Odetta Skep,TP
102,Marie-ann Sang,Marie-ann Sang,TP
103,Beverley Busch,Beverley Busch,TP
104,Rori Aronovitz,Rori Aronovitz,TP
105,Doyle O'Hickey,Doyle O'Hickey,TP
106,Bernetta Mardling,Bernetta Mardling,TP
107,Dennie Tew,Dennie Tew,TP
108,Evelyn Eliasson,Evelyn Eliasson,TP
109,Vanda Croster,Vanda Croster,TP
110,Nanny Pauling,Nanny Pauling,TP
111,Gracia Crang,Gracia Crang,TP
112,Derwin Kagan,Derwin Kagan,TP
113,Brigitte Provis,Brigitte Provis,TP
114,Lanna Loseke,Lanna Loseke,TP
115,Jeralee Rolfi,Jeralee Rolfi,TP
116,Suki Welford,Gwenore Sugge,FP
117,Petrina Garley,Petrina Garley,TP
118,Gretel Preskett,Gretel Preskett,TP
119,Ellsworth True,Ellsworth True,TP
120,Desi Packwood,Desi Packwood,TP
121,Stevie Childs,Stevie Childs,TP
122,Artemus Sarl,Artemus Sarl,TP
123,Kiersten Grave,Kiersten Grave,TP
124,Tabby Samples,Tabby Samples,TP
125,Derril Forsard,Derril Forsard,TP
126,Ashby Joney,Ashby Joney,TP
127,Edlin Castard,Edlin Castard,TP
128,Zeb Bowerbank,Zeb Bowerbank,TP
129,Ainslee Rispin,Ainslee Rispin,TP
130,Merrile Paling,Merrile Paling,TP
131,Theodoric Handsheart,Theodoric Handsheart,TP
132,Milissent Yanyushkin,Milissent Yanyushkin,TP
133,Humberto Sante,Humberto Sante,TP
134,Mallorie Krolik,Mallorie Krolik,TP
135,Britt Sign,Britt Sign,TP
136,Gilberto Godsal,Gilberto Godsal,TP
137,Cortie Pizey,Cortie Pizey,TP
138,Erin Vannozzii,Erin Vannozzii,TP
139,Jeni Bordis,Jeni Bordis,TP
140,Emmie Minors,Emmie Minors,TP
141,Jocelin Kobera,Jocelin Kobera,TP
142,Walt Dugald,Walt Dugald,TP
143,Shanna Boniface,Shanna Boniface,TP
144,Angelo Olekhov,Angelo Olekhov,TP
145,Antin Fourman,Antin Fourman,TP
146,Devonne Cage,Devonne Cage,TP
147,Fulton Palfrie,Fulton Palfrie,TP
148,Victor Agnew,Victor Agnew,TP
149,Spence Winfindale,Spence Winfindale,TP
150,Gweneth Swalwel,Gweneth Swalwel,TP
151,Hayes Iddiens,Hayes Iddiens,TP
152,Abdel Ahmed,Abdel Ahmed,TP
153,Susy Corsham,Susy Corsham,TP
154,Darwin Chatelain,Darwin Chatelain,TP
155,Ivett Benedick,Ivett Benedick,TP
156,Egor Ivanonko,Egor Ivanonko,TP
157,Morgen Kennewell,Morgen Kennewell,TP
158,Cathe Bloggett,Cathe Bloggett,TP
159,Chase Kesten,Chase Kesten,TP
160,Joanie Skurm,Joanie Skurm,TP
161,Goldina Emmines,Goldina Emmines,TP
162,Phillida Saddington,Phillida Saddington,TP
163,Sapphira Archdeckne,Sapphira Archdeckne,TP
164,Francesca Crush,Francesca Crush,TP
165,Austin Castella,Austin Castella,TP
166,Verene Cooper,Verene Cooper,TP
167,Robenia Metzig,Robenia Metzig,TP
168,Vilma Huitson,Vilma Huitson,TP
169,Rosanne Witts,Rosanne Witts,TP
170,Rosene Gaiger,Rosene Gaiger,TP
171,Prissie Brunroth,Prissie Brunroth,TP
172,Miguelita McGragh,Miguelita McGragh,TP
173,Koren Laxen,Koren Laxen,TP
174,Kati Cosson,Kati Cosson,TP
175,Baxie Alexandre,Baxie Alexandre,TP
176,Rickert Sweed,Rickert Sweed,TP
177,Rollie Davys,Rollie Davys,TP
178,Hugo Bindin,Hugo Bindin,TP
179,Gregoire Hambling,Gregoire Hambling,TP
180,Mae Heiss,Mae Heiss,TP
181,Olva Pyrton,Olva Pyrton,TP
182,Adena Smallpeice,Adena Smallpeice,TP
183,Kayley Giacovelli,Kayley Giacovelli,TP
184,Dolf Shimmin,Dolf Shimmin,TP
185,Hobey Madner,Hobey Madner,TP
186,Mimi Etchell,Mimi Etchell,TP
187,Benetta Cleever,Benetta Cleever,TP
188,Arni Brennand,Arni Brennand,TP
189,Bjorn Manuaud,Bjorn Manuaud,TP
190,Jobey Fysh,Jobey Fysh,TP
191,Lauretta Roos,Lauretta Roos,TP
192,Eileen Gennrich,Eileen Gennrich,TP
193,Angie Synder,Angie Synder,TP
194,Lois Aries,Lois Aries,TP
195,Lothaire Clawson,Lothaire Clawson,TP
196,Joleen Wenman,Joleen Wenman,TP
197,Corie Hamel,Corie Hamel,TP
198,Ayn Cranmer,Ayn Cranmer,TP
199,Teodora Guerola,Teodora Guerola,TP
200,Konstance Domesday,Konstance Domesday,TP
201,Merrick Montilla,Kessia Munkley,FP
202,Bay Jack,Bay Jack,TP
203,Antonin Rafe,Antonin Rafe,TP
204,Miriam Mc Carrick,Beryl McWilliam,FP
205,Enrique Callaby,Enrique Callaby,TP
206,Thayne Saer,Thayne Saer,TP
207,Danila Scrowson,Danila Scrowson,TP
208,Casandra St. Paul,Casandra St. Paul,TP
209,Tonya Mattis,Tonya Mattis,TP
210,Farlie Trotter,Farlie Trotter,TP
211,Alair Bickley,Alair Bickley,TP
212,Ware Hammell,Ware Hammell,TP
213,Starlene Haker,Starlene Haker,TP
214,Hortense Jeavons,Hortense Jeavons,TP
215,Marven Wyldbore,Marven Wyldbore,TP
216,Mirabel Bims,Mirabel Bims,TP
217,Martino Spicer,Martino Spicer,TP
218,Antonino Iglesia,Antonino Iglesia,TP
219,Bonita Scurfield,Bonita Scurfield,TP
220,Rebbecca Gunningham,Rebbecca Gunningham,TP
221,Chiarra Kyrkeman,Chiarra Kyrkeman,TP
222,Pyotr Pepperd,Pyotr Pepperd,TP
223,Janice Brixey,Janice Brixey,TP
224,Reginald Gowers,Reginald Gowers,TP
225,Lolita Jouanny,Lolita Jouanny,TP
226,Deanna Bunting,Deanna Bunting,TP
227,Dana Kiendl,Dana Kiendl,TP
228,Darice Goranov,Darice Goranov,TP
229,Elaine Terris,Elaine Terris,TP
230,Sanders Starzaker,Sanders Starzaker,TP
231,Nanon Wardley,Nanon Wardley,TP
232,Margarette Worsalls,Margarette Worsalls,TP
233,Larina Garbar,Larina Garbar,TP
234,Gregorius Jenkerson,Gregorius Jenkerson,TP
235,Jarrad Coulston,Jarrad Coulston,TP
236,Peterus Hunnywell,Peterus Hunnywell,TP
237,Hermia Petras,Hermia Petras,TP
238,Ruthe Moir,Ruthe Moir,TP
239,Falkner Whittek,Falkner Whittek,TP
240,Zerk Maude,Zerk Maude,TP
241,Saw Oakenfield,Saw Oakenfield,TP
242,Lemuel Athy,Lemuel Athy,TP
243,Petronia Bickerstaff,Petronia Bickerstaff,TP
244,Gertrude Samples,Gertrude Samples,TP
245,Suki Welford,Suki Welford,TP
246,Lind Butten,Lind Butten,TP
247,Augustine Warde,Augustine Warde,TP
248,Free Gutridge,Free Gutridge,TP
249,Aloysia Caveney,Aloysia Caveney,TP
250,Mary Smaridge,Mary Smaridge,TP
251,Nickey Misson,Nickey Misson,TP
252,Alica Venner,Alica Venner,TP
253,Francoise Dorbin,Francoise Dorbin,TP
254,Dorothea Von Helmholtz,Dorothea Von Helmholtz,TP
255,Payton Medgewick,Payton Medgewick,TP
256,Grenville Worral,Grenville Worral,TP
257,Reggie Ivers,Reggie Ivers,TP
258,Isac Campbell,Isac Campbell,TP
259,Chere Herrema,Chere Herrema,TP
260,Shermy Mayze,Shermy Mayze,TP
261,Eustacia Crady,Eustacia Crady,TP
262,Waring Hembrow,Waring Hembrow,TP
263,Devi Drynan,Devi Drynan,TP
264,Merrick Stickings,Merrick Stickings,TP
265,Giselle Burkhill,Giselle Burkhill,TP
266,Florance Rudyard,Florance Rudyard,TP
267,Delbert MacLese,Delbert MacLese,TP
268,Queenie Leidecker,Queenie Leidecker,TP
269,Beckie Streeton,Beckie Streeton,TP
270,Hector MacAloren,Hector MacAloren,TP
271,Ladonna Stiger,Ladonna Stiger,TP
272,Lorraine Sturges,Lorraine Sturges,TP
273,Stacie Glanders,Stacie Glanders,TP
274,Devin Wyke,Devin Wyke,TP
275,Lisabeth Verdie,Lisabeth Verdie,TP
276,Emmie MacCorkell,Emmie MacCorkell,TP
277,Marni Smyth,Marni Smyth,TP
278,Aprilette Langer,Aprilette Langer,TP
279,Othello Trevance,Othello Trevance,TP
280,Kay Byass,Kay Byass,TP
281,Clarette Oleszcuk,Clarette Oleszcuk,TP
282,Goran Courson,Goran Courson,TP
283,Meaghan Brownrigg,Meaghan Brownrigg,TP
284,Lillis Schowenburg,Lillis Schowenburg,TP
285,Sollie Lygoe,Sollie Lygoe,TP
286,Rosemary Cuffe,Rosemary Cuffe,TP
287,Tabor Flecknell,Tabor Flecknell,TP
288,Meryl Bartrum,Meryl Bartrum,TP
289,Leon Poston,Leon Poston,TP
290,Perrine Lisciandro,Perrine Lisciandro,TP
291,Chrystal Wanley,Chrystal Wanley,TP
292,Jessika Sunner,Jessika Sunner,TP
293,Cherlyn Cuttle,Cherlyn Cuttle,TP
294,Gustave Nuzzetti,Gustave Nuzzetti,TP
295,Agnes Reid,Agnes Reid,TP
296,Elizabeth Heng,Evelin Heathcoat,FP
297,Orin Busain,Orin Busain,TP
298,Griffy Rapier,Griffy Rapier,TP
299,Obidiah McClements,Obidiah McClements,TP
300,Alyse Galvin,Alyse Galvin,TP
301,E Donald Young,E Donald Young,TP
302,Roberts Bradley Byrne,Roberts Bradley Byrne,TP
303,Jr. Robert Kennedy,Jr. Robert Kennedy,TP
304,kay Tabitha Isner,kay Tabitha Isner,TP
305,Martha Mcsally,Nartha Roby,FP
306,d.c. Thomas Sick Of Casson,d.c. Thomas Sick Of Casson,TP
307,Mallory Hagan,Mallory Hagan,TP
308,Michael Rogers,Michael Rogers,TP
309,Rep. Robert B. Aderholt,Rep. Robert B. Aderholt,TP
310,Lee James Auman,Lee James Auman,TP
311,Ruthe Moir,Mo Brooks,FP
312,S. Peter Joffrion,S. Peter Joffrion,TP
313,Danner Kline,Danner Kline,TP
314,Gary Palmer,Gary Palmer,TP
315,New Richard Brand Rice,New Richard Brand Rice,TP
316,A. Terri Sewell,A. Terri Sewell,TP
317,Rick Eric Alan Crawford,Rick Eric Alan Crawford,TP
318,Chintan Desai,Chintan Desai,TP
319,Elvis Presley,Elvis Presley,TP
320,French James Hill,French James Hill,TP
321,Ryne Joe Swafford,Ryne Joe Swafford,TP
322,Iv Everett Clarke Tucker,Iv Everett Clarke Tucker,TP
323,J Michael Kalagias,J Michael Kalagias,TP
324,Josh Mahony,Josh Mahony,TP
325,Josh Moody,Josh Moody,TP
326,Jason Tate,Jason Tate,TP
327,Steve Womack,Steve Womack,TP
328,Tom Canada,Tom Canada,TP
329,E Jack Foster,E Jack Foster,TP
330,Susanann Martin,Susanann Martin,TP
331,Lee Mcqueen,Lee Mcqueen,TP
332,Catherine Hayden Shamel,Catherine Hayden Shamel,TP
333,Bruce Westerman,Bruce Westerman,TP
334,Zerk Maude,Aumua Amata,FP
335,Martha Mcsally,Martha Mcsally,TP
336,Kyrsten Sinema,Kyrsten Sinema,TP
337,Tom Canada,Tom O'halleran,FP
338,Wendy Rogers,Wendy Rogers,TP
339,Ann Kirkpatrick,Ann Kirkpatrick,TP
340,Lea Peterson Marquez,Lea Peterson Marquez,TP
341,M Raul Grijalva,M Raul Grijalva,TP
342,Nicolas Joe Pierson,Nicolas Joe Pierson,TP
343,Jr. Robert Kennedy,Ii Thaddeus J Mr. Andreski,FP
344,H David Brill,H David Brill,TP
345,Delina Disanto,Delina Disanto,TP
346,Dr. Paul Gosar,Dr. Paul Gosar,TP
347,Gregor Haryaksha Knauer,Gregor Haryaksha Knauer,TP
348,Mr. Andy Biggs,Mr. Andy Biggs,TP
349,Joan Greene,Joan Greene,TP
350,Anita Malik,Anita Malik,TP
351,Maura Heather Ross,Maura Heather Ross,TP
352,David Schweikert,David Schweikert,TP
353,Ruben Gallego,Ruben Gallego,TP
354,Debbie Lesko,Debbie Lesko,TP
355,Hiral Tipirneni,Hiral Tipirneni,TP
356,Md Steve Ferrara,Md Steve Ferrara,TP
357,Greg Stanton,Greg Stanton,TP
358,Mr James Patrick Bradley,Mr James Patrick Bradley,TP
359,Kevin Leon De,Kevin Leon De,TP
360,Dianne Feinstein,Dianne Feinstein,TP
361,Audrey Denney,Audrey Denney,TP
362,Doug Lamalfa,Doug Lamalfa,TP
363,Jared Huffman,Jared Huffman,TP
364,Kenneth Dale Mensing,Kenneth Dale Mensing,TP
365,John Garamendi,John Garamendi,TP
366,Eugene Charles Schaupp,Eugene Charles Schaupp,TP
367,Thomas Mcclintock,Thomas Mcclintock,TP
368,Jessica Morse,Jessica Morse,TP
369,Anthony Mills,Anthony Mills,TP
370,Ian Nils Palsson,Ian Nils Palsson,TP
371,Mr. Mike Thompson,Mr. Mike Thompson,TP
372,Delma Jefferson,Delma Jefferson,TP
373,Doris Matsui,Doris Matsui,TP
374,Amerish Bera,Amerish Bera,TP
375,Andrew Grant,Andrew Grant,TP
376,Paul Cook,Paul Cook,TP
377,M. Timothy Donnelly,M. Timothy Donnelly,TP
378,Mary Smaridge,Marge Doyle,FP
379,Ii Ted D Howze,Ii Ted D Howze,TP
380,Marla Livengood,Marla Livengood,TP
381,Mark Gerald Mcnerney,Mark Gerald Mcnerney,TP
382,Jeff Denham,Jeff Denham,TP
383,Josh Harder,Josh Harder,TP
384,Mark Desaulnier,Mark Desaulnier,TP
385,John Fitzgerald,John Fitzgerald,TP
386,Shahid Buttar,Shahid Buttar,TP
387,R Stephen Jaffe,R Stephen Jaffe,TP
388,Nancy Pelosi,Nancy Pelosi,TP
389,Lisa Remmer,Lisa Remmer,TP
390,Barbara Lee,Barbara Lee,TP
391,Cristina Osmena,Cristina Osmena,TP
392,Jackie Speier,Jackie Speier,TP
393,Peters Rudy Peters,Peters Rudy Peters,TP
394,Michael Eric Swalwell,Michael Eric Swalwell,TP
395,Jim Costa,Jim Costa,TP
396,Elizabeth Heng,Elizabeth Heng,TP
397,H Ronald Cohen,H Ronald Cohen,TP
398,Rohit Khanna,Rohit Khanna,TP
399,Anna Eshoo,Anna Eshoo,TP
400,Janice Brixey,NOT_FOUND,FP
401,Lolita Jouanny,NOT_FOUND,FP
402,Baxie Alexandre,NOT_FOUND,FP
403,Konstance Domesday,NOT_FOUND,FP
404,Martino Spicer,NOT_FOUND,FP
405,Darwin Chatelain,NOT_FOUND,FP
406,Torey Spellar,NOT_FOUND,FP
407,Charlton Yakovich,NOT_FOUND,FP
408,Gracia Crang,NOT_FOUND,FP
409,Kahaleel Stailey,NOT_FOUND,FP
410,Miriam Mc Carrick,NOT_FOUND,FP
411,Nicolas Joe Pierson,NOT_FOUND,FP
412,Britt Sign,NOT_FOUND,FP
413,Devi Drynan,NOT_FOUND,FP
414,Cristina Osmena,NOT_FOUND,FP
415,Adena Smallpeice,NOT_FOUND,FP
416,Thomasina Glowacz,NOT_FOUND,FP
417,Charlton Yakovich,NOT_FOUND,FP
418,Enrica Nerney,NOT_FOUND,FP
419,M. Timothy Donnelly,NOT_FOUND,FP
